filename,title,category,description,aspect_ratio,url,show
Advanced Flight.webp,Advanced Flight,Frontend development,,2780/1738,,yes
Alfredge 1.webp,Alfredge 1,Album artwork,,1702/1702,,yes
Alfredge 2.webp,Alfredge 2,Album artwork,,682/682,,yes
another logo.webp,Another Logo,"Branding, Logo",,900/900,,yes
Another Studio 1.webp,Another Studio 1,Branding,,2553/1411,,yes
Another Studio 2.webp,Another Studio 2,Branding,,2550/1410,,yes
apura1.webp,Apura1,"Branding, UX / UI",,3200/12330,,yes
Axis 1.webp,Axis 1,"Branding, Packaging",,1290/1120,,yes
Beast vapors bottles.webp,Beast Vapors Bottles,"Branding, Packaging",,4388/1120,,yes
Beast vapors.webp,Beast Vapors,"Branding, Packaging",,2206/1379,,yes
bft.webp,Bft,UX / UI,,1600/9759,,yes
branding-DISTECH.webp,Branding Distech,Branding,,1920/1280,,yes
branding-DOMOTICA.webp,Branding Domotica,Branding,,1900/1425,,yes
branding-FS.webp,Branding Fs,Branding,,3000/1899,,yes
cahuimpiLogo.webp,Cahuimpi,Logo,,2258/1613,,yes
Camzo copy.webp,Camzo Copy,"Logo, Branding",,1316/987,,yes
Camzo leathergram.webp,Camzo Leathergram,"Logo, Branding",,887/887,,yes
camzo logo 2015-01.webp,Camzo Logo 2015 01,Logo,,2050/2193,,yes
camzo.webp,Camzo,Branding,,4284/2856,,yes
camzo2.webp,Camzo2,Branding,,1744/1091,,yes
canteen.webp,Canteen,"Branding, UX / UI",,2406/1503,,yes
CHEPIZZA caja.webp,Chepizza Caja,"Branding, Packaging",,4000/2500,,yes
Churlys.webp,Churlys,Frontend development,,2780/1738,,yes
cohinoor1.webp,Cohinoor1,UX / UI,,1600/7290,,yes
Colder pack.webp,Colder Pack,"Logo, Branding, Packaging",,3872/2592,,yes
Colder plain.webp,Colder Plain,"Logo, Branding, Packaging",,2867/2020,,yes
Conmebol.webp,Conmebol,Editorial,,3239/2429,,yes
Corven Bajaj 10.webp,Corven Bajaj 10,3D design,,3508/2480,,yes
Corven Bajaj 2.webp,Corven Bajaj 2,3D design,,1754/1240,,yes
Corven Bajaj 3.webp,Corven Bajaj 3,3D design,,1754/1240,,yes
Corven Bajaj 4.webp,Corven Bajaj 4,3D design,,1754/1240,,yes
Corven Bajaj 5.webp,Corven Bajaj 5,3D design,,1754/1240,,yes
Corven Bajaj 6.webp,Corven Bajaj 6,3D design,,1754/1240,,yes
Corven Bajaj 7.webp,Corven Bajaj 7,3D design,,1754/1240,,yes
Corven Bajaj 8.webp,Corven Bajaj 8,3D design,,1754/1240,,yes
Corven Bajaj 9.webp,Corven Bajaj 9,3D design,,1754/1240,,yes
Corven Bajaj stand 1.webp,Corven Bajaj Stand 1,3D design,,1754/1240,,yes
Corven Bajaj stand 2.webp,Corven Bajaj Stand 2,3D design,,1754/1240,,yes
Corven Bajaj stand 3.webp,Corven Bajaj Stand 3,3D design,,1754/1240,,yes
Corven Bajaj stand 4.webp,Corven Bajaj Stand 4,3D design,,1754/1240,,yes
Corven Bajaj stand 5.webp,Corven Bajaj Stand 5,3D design,,1754/1240,,yes
Corven Bajaj stand 6.webp,Corven Bajaj Stand 6,3D design,,3508/2480,,yes
Corven Bajaj.webp,Corven Bajaj,3D design,,1754/1240,,yes
Corvette fiesya.webp,Corvette Fiesya,Flyers,,521/1009,,yes
Corvette flyer.webp,Corvette Flyer,Flyers,,512/768,,yes
corvettenuevo.webp,Corvettenuevo,Branding,,2000/2000,,yes
cruzadas vol1 2.webp,Cruzadas Vol1 2,Album artwork,,1889/1181,,yes
cruzadas vol1 bb.webp,Cruzadas Vol1 Bb,Album artwork,,2080/1300,,yes
cruzadas volumen1 b.webp,Cruzadas Volumen1 B,Album artwork,,1688/1688,,yes
cruzadas volumen1.webp,Cruzadas Volumen1,Album artwork,,2944/2944,,yes
Cure Kids.webp,Cure Kids,Frontend development,,2780/1738,,yes
D4.webp,D4,"UX / UI, Frontend development",,4000/2500,,yes
dimension1.webp,Dimension1,UX / UI,,1600/5671,,yes
Dio.webp,Dio,"Logo, Branding, Packaging",,2340/1611,,yes
distech carpoeta.webp,Distech Carpoeta,Branding,,3000/2250,,yes
distech logo.webp,Distech Logo,Logo,,3120/1950,,yes
distech tarjeta.webp,Distech Tarjeta,Branding,,3000/2250,,yes
domotica carpeta.webp,Domotica Carpeta,Branding,,3000/2084,,yes
Domotica tarjetas.webp,Domotica Tarjetas,Branding,,2500/1500,,yes
DYNAMO cartel.webp,Dynamo Cartel,Logo,,1246/779,,yes
Einkorn back.webp,Einkorn Back,"Logo, Branding, Packaging",,1000/1000,,yes
Einkorn front.webp,Einkorn Front,"Logo, Branding, Packaging",,1000/1000,,yes
ERICO atras.webp,Erico Atras,Branding,,1708/2903,,yes
erico cards.webp,Erico Cards,Branding,,3013/2008,,yes
Flick.webp,Flick,"Logo, Branding, Packaging",,1302/1817,,yes
foodify logo.webp,Foodify Logo,"Logo, Branding",,1980/1121,,yes
FOTA logo pedal.webp,Fota Logo Pedal,"Logo, Branding",,4000/2500,,yes
FOTA.webp,Fota,"Logo, Branding",,2728/1819,,yes
FS aceite.webp,Fs Aceite,"Logo, Branding, Packaging",,1079/1047,,yes
FS vino.webp,Fs Vino,"Logo, Branding, Packaging",,1082/1008,,yes
FZ te.webp,Fz Te,"Logo, Branding, Packaging",,1212/1000,,yes
FZ vino.webp,Fz Vino,"Logo, Branding, Packaging",,1147/991,,yes
Geometrix 2.webp,Geometrix 2,"Logo, Branding, Packaging",,1732/1000,,yes
Geometrix.webp,Geometrix,"Logo, Branding, Packaging",,1798/1000,,yes
getup.webp,Getup,Album artwork,,4000/2500,,yes
GLACIARIUM logo.webp,Glaciarium Logo,Logo,,2000/2000,,yes
Godex opt1.webp,Godex Opt1,Packaging,,1600/1000,,yes
Godex pack1.webp,Godex Pack1,Packaging,,1000/1000,,yes
Godex pack1b.webp,Godex Pack1B,Packaging,,1000/1000,,yes
Godex pack2.webp,Godex Pack2,Packaging,,1000/1000,,yes
Godex pack3.webp,Godex Pack3,Packaging,,1000/1000,,yes
Godex pack4.webp,Godex Pack4,Packaging,,1000/1000,,yes
Got Night poster.webp,Got Night Poster,Flyers,,814/1221,,yes
GOTNIGHT street.webp,Gotnight Street,Flyers,,1213/757,,yes
Hypnol plain.webp,Hypnol Plain,"Logo, Branding, Packaging",,3004/2124,,yes
iceback.webp,Iceback,UX / UI,,1600/12248,,yes
Ivory.webp,Ivory,"Logo, Branding, Packaging",,3872/2592,,yes
Jesus.webp,Jesus,"Logo, Branding, Packaging",,2480/3509,,yes
JOKI.webp,Joki,Album artwork,,2000/1200,,yes
lead logo.webp,Lead Logo,Logo,,2142/1378,,yes
Lighthouse composition.webp,Lighthouse Composition,"UX / UI, Frontend development",,2566/1352,,yes
Lighthouse mobile.webp,Lighthouse Mobile,"UX / UI, Frontend development",,2160/3840,,yes
Lighthouse web.webp,Lighthouse Web,"UX / UI, Frontend development",,1312/5711,,yes
logo-corvette-viejo.webp,Logo Corvette Viejo,Logo,,2790/1390,,yes
logo-inimputables.webp,Logo Inimputables,Logo,,2000/1119,,yes
Majestad 1.webp,Majestad 1,"Logo, Branding, Packaging",,1000/1000,,yes
Majestad 1b.webp,Majestad 1B,"Logo, Branding, Packaging",,1000/1000,,yes
Majestad 2.webp,Majestad 2,"Logo, Branding, Packaging",,1000/1000,,yes
Majestad 3.webp,Majestad 3,"Logo, Branding, Packaging",,1000/1000,,yes
MAKEITCOUNT skate.webp,Makeitcount Skate,Logo,,4000/2500,,yes
mana.webp,Mana,"Logo, Branding",,1935/1110,,yes
manaprop.webp,Manaprop,Branding,,4000/2500,,yes
MELOS carpeta.webp,Melos Carpeta,Branding,,3000/2040,,yes
Milky 1.webp,Milky 1,"Logo, Branding, Packaging",,2217/1568,,yes
Milky 2.webp,Milky 2,"Logo, Branding, Packaging",,3872/2592,,yes
Milky 3.webp,Milky 3,"Logo, Branding, Packaging",,3872/2592,,yes
Milky3b.webp,Milky3B,"Logo, Branding, Packaging",,3872/2592,,yes
Mokka1.webp,Mokka1,"Logo, Branding, Packaging",,1214/1000,,yes
Mokka2.webp,Mokka2,"Logo, Branding, Packaging",,1214/1000,,yes
MUHSAL libro exterior.webp,Muhsal Libro Exterior,Editorial,,4000/2500,,yes
MUHSAL libro interior.webp,Muhsal Libro Interior,Editorial,,4000/2500,,yes
MUHSAL libro lineas comp.webp,Muhsal Libro Lineas Comp,Editorial,,1315/822,,yes
MUHSAL libro tapa.webp,Muhsal Libro Tapa,Editorial,,4000/2500,,yes
MUSEOdELmAR logo.webp,Museodelmar Logo,Logo,,2000/2002,,yes
mutantes disco.webp,Mutantes Disco,Album artwork,,2464/1541,,yes
Mutantes entrada.webp,Mutantes Entrada,Flyers,,1584/495,,yes
Mutantes flyer intur.webp,Mutantes Flyer Intur,Flyers,,808/1442,,yes
Mutantes flyer.webp,Mutantes Flyer,Flyers,,551/980,,yes
Mutantes flyer2.webp,Mutantes Flyer2,Flyers,,524/932,,yes
Mutantes nausea.webp,Mutantes Nausea,Album artwork,,691/691,,yes
mutantes tapa.webp,Mutantes Tapa,Album artwork,,1215/1215,,yes
nd.webp,Nd,Album artwork,,3737/2335,,yes
Noledge.webp,Noledge,UX / UI,,2800/1978,,yes
NOVA mobile.webp,Nova Mobile,UX / UI,,1080/1920,,yes
NOVA.webp,Nova,UX / UI,,1400/989,,yes
NZ Vegetarian.webp,Nz Vegetarian,Frontend development,,2780/1738,,yes
pac1.webp,Pac1,UX / UI,,1600/3786,,yes
pac6.webp,Pac6,UX / UI,,1600/2281,,yes
PERDICASES badge.webp,Perdicases Badge,"Logo, Branding",,3540/3544,,yes
PERDICASES pin.webp,Perdicases Pin,Branding,,3854/2409,,yes
PERDICASES posters.webp,Perdicases Posters,Branding,,2667/1667,,yes
PERDICASES tarjetas.webp,Perdicases Tarjetas,Branding,,3717/2323,,yes
PERDICASES-poster1.webp,Perdicases Poster1,Branding,,2150/3400,,yes
Petal Foundation.webp,Petal Foundation,Frontend development,,2780/1738,,yes
PFRA.webp,Pfra,Frontend development,,2780/1738,,yes
PGF Services.webp,Pgf Services,Frontend development,,2780/1738,,yes
PRANA tag.webp,Prana Tag,Logo,,1306/816,,yes
PREVISION patch.webp,Prevision Patch,Logo,,1275/796,,yes
READ NZ.webp,Read Nz,Frontend development,,2780/1738,,yes
Sahores caja.webp,Sahores Caja,"Branding, Packaging",,3412/2136,,yes
SAHORES tarjeta.webp,Sahores Tarjeta,Branding,,4000/2500,,yes
Shine plain.webp,Shine Plain,"Branding, Packaging",,3011/2130,,yes
Shine.webp,Shine,"Branding, Packaging",,3872/2592,,yes
SIGHTQUEST app.webp,Sightquest App,UX / UI,,4000/2500,,yes
SIGHTQUEST logo 1.webp,Sightquest Logo 1,Logo,,2000/2025,,yes
SIGHTQUEST logo.webp,Sightquest Logo,Logo,,2862/1789,,yes
SoftSweet 1.webp,Softsweet 1,"Branding, Packaging",,3872/2592,,yes
SoftSweet 2 plain.webp,Softsweet 2 Plain,"Branding, Packaging",,2762/1941,,yes
SoftSweet 2.webp,Softsweet 2,"Branding, Packaging",,3872/2592,,yes
Somos corazon fgragil.webp,Somos Corazon Fgragil,Flyers,,1969/1393,,yes
SOMOS corazon poster.webp,Somos Corazon Poster,Flyers,,1706/1067,,yes
Somos flores negras.webp,Somos Flores Negras,Flyers,,1213/858,,yes
SOMOS flores poster.webp,Somos Flores Poster,Flyers,,1094/684,,yes
SUNCHALES folleto.webp,Sunchales Folleto,Editorial,,2962/1852,,yes
tdl.webp,Tdl,Logo,,4000/2500,,yes
tori1.webp,Tori1,Branding,,1859/1028,,yes
tori2.webp,Tori2,Branding,,2553/1411,,yes
tori4.webp,Tori4,Branding,,2550/1410,,yes
torix.webp,Torix,Branding,,3000/2116,,yes
ud despertar.webp,Ud Despertar,Album artwork,,3342/2089,,yes
UD disco2.webp,Ud Disco2,Album artwork,,1939/1212,,yes
ud promo 2.webp,Ud Promo 2,Album artwork,,3417/2136,,yes
ud promo.webp,Ud Promo,Album artwork,,3814/2384,,yes
UIltimo dia FLYER 121208.webp,Uiltimo Dia Flyer 121208,Flyers,,753/1440,,yes
Ultimo Dia Banado.webp,Ultimo Dia Banado,Album artwork,,3181/1987,,yes
Ultimo dia FLYER 080912 b.webp,Ultimo Dia Flyer 080912 B,Flyers,,1832/680,,yes
Ultimo dia FLYER 21 22 09 alta.webp,Ultimo Dia Flyer 21 22 09 Alta,Flyers,,1729/641,,yes
Ultimo dia flyer 3.webp,Ultimo Dia Flyer 3,Flyers,,402/609,,yes
Ultimo dia flyer 4.webp,Ultimo Dia Flyer 4,Flyers,,532/1257,,yes
Ultimo dia flyer 5.webp,Ultimo Dia Flyer 5,Flyers,,766/1500,,yes
Ultimo dia flyer 7.webp,Ultimo Dia Flyer 7,Flyers,,591/1654,,yes
Ultimo dia flyer 8.webp,Ultimo Dia Flyer 8,Flyers,,837/1497,,yes
Ultimo dia flyer 9.webp,Ultimo Dia Flyer 9,Flyers,,1392/512,,yes
Ultimo dia FLYER-121208.webp,Ultimo Dia Flyer 121208,Flyers,,777/1486,,yes
Ultimo dia FLYER.webp,Ultimo Dia Flyer,Flyers,,1500/1004,,yes
Ultimo dia FLYER131028.webp,Ultimo Dia Flyer131028,Flyers,,421/906,,yes
Ultimo dia flyer6.webp,Ultimo Dia Flyer6,Flyers,,710/1169,,yes
Ultimo dia flyers 1.webp,Ultimo Dia Flyers 1,Flyers,,1165/728,,yes
Ultimo dia flyers 2.webp,Ultimo Dia Flyers 2,Flyers,,1217/761,,yes
Ultimo dia flyers 3.webp,Ultimo Dia Flyers 3,Flyers,,670/993,,yes
Ultimo dia FLYERVERTICAL.webp,Ultimo Dia Flyervertical,Flyers,,648/1088,,yes
Ultimo dia header.webp,Ultimo Dia Header,Flyers,,1416/525,,yes
Ultimo dia portada.webp,Ultimo Dia Portada,Flyers,,1669/613,,yes
Ultimo dia web.webp,Ultimo Dia Web,UX / UI,,2780/1738,,yes
Ultimo diaFLYER131028 c.webp,Ultimo Diaflyer131028 C,Flyers,,421/795,,yes
UltimoDiaPuraRealidad.webp,Ultimodiapurarealidad,Video,,2000/1095,https://www.youtube.com/watch?v=UfrRQqd9HwM,yes
VDA folleto mockup.webp,Vda Folleto Mockup,Editorial,,3532/2208,,yes
VDA logo shopping.webp,Vda Logo Shopping,Logo,,4000/2500,,yes
Victoria del agua senaletica carteles.webp,Victoria Del Agua Senaletica Carteles,Signage,,2392/2548,,yes
Victoria del agua senaletica principal.webp,Victoria Del Agua Senaletica Principal,Signage,,3063/1459,,yes
Victoria del agua senaletica termales.webp,Victoria Del Agua Senaletica Termales,Signage,,1363/2702,,yes
Victoria del agua senaletica todo.webp,Victoria Del Agua Senaletica Todo,Signage,,3976/1842,,yes
Victoria del agua senaletica todo2.webp,Victoria Del Agua Senaletica Todo2,Signage,,3749/2089,,yes
VINTAGE.webp,Vintage,Logo,,1404/878,,yes
WUW folleto.webp,Wuw Folleto,Editorial,,3504/2190,,yes
